{
  "timestamp": "2026-05-18 11:56:04",
  "dataset": "visdrone_uav0000086_00000_v",
  "num_frames": 30,
  "total_gt": 1080,
  "single_detections": 476,
  "ensemble_detections": 1011,
  "models_used": [
    "yolo11x",
    "yolov8x",
    "yolo11n",
    "yolov10n",
    "rtdetr-l"
  ],
  "ensemble_mode": true,
  "single_metrics": {
    "mota": 0.44074074074074077,
    "idf1": 0.6118251928020566
  },
  "ensemble_metrics": {
    "mota": 0.7194444444444444,
    "idf1": 0.8550932568149211
  },
  "mota_improvement_ppt": 27.9,
  "idf1_improvement_ppt": 24.3
}